code	jpn	kor	original_kor	note
7621	農	농	농	
7622	業	업	업	
7623	開	개	개	
7624	発	발	발	
7625	商	상	상	
7626	奨	장	장	
7627	励	려	려	
7628	領	영	영	
7629	内	내	내	
762A	作	공	작	作事改修 -> 공사수리
762B	事	사	사	
762C	改	수	개	作事改修 -> 공사수리
762D	修	리	수	作事改修 -> 공사수리
762E	築	축	축	
762F	城	성	성	
7630	普	공	보	普請 -> 공사
7631	請	사	청	普請 -> 공사
7632	評	평	평	
7633	定	정	정	
7634	戦	전	전	
7635	雇	고	고	
7636	足	족	족	
7637	軽	경	경	
7638	訓	훈	훈	
7639	練	련	련	
763A	移	이	이	
763B	動	동	동	
763C	輸	수	수	
763D	送	송	송	
763E	会	회	회	
763F	盟	맹	맹	
7640	威	위	위	
7641	圧	압	압	
7642	恭	공	공	
7643	順	순	순	
7644	和	화	화	
7645	睦	목	목	
7646	婚	혼	혼	
7647	姻	인	인	
7648	手	수	수	
7649	切	절	절	
764A	れ			
764B	朝	조	조	
764C	廷	정	정	
764D	工	공	공	
764E	行	행	행	
764F	他	타	타	
7650	偵	정	정	
7651	察	찰	찰	
7652	応	응	응	
7653	勧	권	권	
7654	誘	유	유	
7655	煽	선	선	
7656	流	류	류	
7657	言	언	언	
7658	飛	비	비	
7659	語	어	어	
765A	暗	암	암	
765B	殺	살	살	
765C	取	취	취	
765D	立	립	립	
765E	隠	은	은	
765F	居	거	거	
7660	縁	연	연	
7661	組	조	조	
7662	任	임	임	
7663	命	명	명	
7664	国	국	국	
7665	主	주	주	
7666	指	지	지	
7667	示	시	시	
7668	論	론	론	
7669	功	공	공	
766A	賞	상	상	
766B	購	구	구	
766C	入	입	입	
766D	売	매	매	
766E	却	각	각	
766F	兵	병	병	
7670	糧	량	량	
7671	砲	포	포	
7672	対	대	대	
7673	外	외	외	
7674	関	관	관	
7675	係	계	계	
7676	勢	세	세	
7677	力	력	력	
7678	分	분	분	
7679	布	포	포	
767A	所	소	소	
767B	一	일	일	
767C	覽	람	람	
767D	家	가	가	
767E	臣	신	신	
7721	宝	보	보	
7722	目	목	목	
7723	録	록	록	
7724	中	중	중	
7725	断	단	단	
7726	年	년	년	
7727	月	월	월	
7728	効	효	효	
7729	果	과	과	
772A	◎			
772B	△			
772C	－			
772D	▽			
772E	正	정	정	
772F	法	법	법	
7730	持	지	지	
7731	委	위	위	
7732	時	시	시	
7733	間	간	간	
7734	終	종	종	
7735	了	료	료	
7736	新	신	신	
7737	恩	은	은	
7738	給	급	급	
7739	与	여	여	
773A	報	보	보	
773B	金	금	금	
773C	叙	서	서	
773D	感	감	감	
773E	字	자	자	
773F	拝	배	배	
7740	懲	징	징	
7741	罰	벌	벌	
7742	加	가	가	
7743	増	증	증	
7744	減	감	감	
7745	封	봉	봉	
7746	転	전	전	
7747	没	몰	몰	
7748	収	수	수	
7749	剝	박	박	
774A	奪	탈	탈	
774B	追	추	추	
774C	放	방	방	
774D	腹	복	복	
774E	通	통	통	
774F	常	상	상	
7750	方	방	방	
7751	向	향	향	
7752	換	환	환	
7753	平	평	평	
7754	攻	공	공	
7755	撃	격	격	
7756	突	돌	돌	
7757	火	화	화	
7758	め			
7759	潜	잠	잠	
775A	物	물	물	
775B	挑	도	도	
775C	伝	전	전	
775D	今	금	금	
775E	退	퇴	퇴	
775F	降	항	항	
7760	伏	복	복	
7761	告	고	고	
7762	議	의	의	
7763	要	요	요	
7764	陣	진	진	
7765	靜	정	정	
7766	觀	관	관	
7767	守	수	수	
7768	備	비	비	
7769	補	보	보	
776A	鼓	고	고	
776B	舞	무	무	
776C	長宗	초소	초소	ligature component: 776C+776D+776E renders 長宗我部
776D	我	카	카	ligature component: shared by 長宗我部 and 香宗我部
776E	部	베	베	ligature component: shared by 長宗我部 and 香宗我部
776F	香宗	코소	코소	ligature component: clipped 香; 776F+776D+776E renders 香宗我部
7770	日	일	일	
7771	実	실	실	
7772	消	소	소	
7773	巡	순	순	
7774	検	찰	검	巡検 -> 순찰
7775	籠	농	농	
7776	止	지	지	
7777	決	결	결	
7778	状	상	상	
7779	官	관	관	
777A	位	위	위	
777B	軍	군	군	
777C	出	출	출	
777D	久	구	구	
777E	交	교	교	
