code	char	confidence	note
7621	農	high	
7622	業	high	
7623	開	high	
7624	発	high
7625	商	high	
7626	奨	high	
7627	励	high	
7628	領	high	
7629	内	high	
762A	作	high	
762B	事	high	
762C	改	high	
762D	修	high	
762E	築	high	
762F	城	high	
7630	普	high	
7631	請	high	
7632	評	high	
7633	定	high	
7634	戦	high	
7635	雇	high	
7636	足	high	
7637	軽	high	
7638	訓	high	
7639	練	high	
763A	移	high	
763B	動	high	
763C	輸	high	
763D	送	high	
763E	会	high	
763F	盟	high	
7640	威	high	
7641	圧	high	
7642	恭	high	
7643	順	high	
7644	和	high	
7645	睦	high	
7646	婚	high	
7647	姻  	high	
7648	手	high	
7649	切	high	
764A	れ	high	
764B	朝	high	
764C	廷	high	
764D	工	high	
764E	行	high	
764F	他	high	
7650	偵	high	
7651	察	high	
7652	応	high	
7653	勧	high	
7654	誘	high	
7655	煽	high	
7656	流	high	
7657	言	high	
7658	飛	high	
7659	語	high	
765A	暗	high	
765B	殺	high	
765C	取	high	
765D	立	high	
765E	隠	high	
765F	居	high	
7660	縁	high	
7661	組	high	
7662	任	high	
7663	命	high	
7664	国	high	
7665	主	high	
7666	指	high	
7667	示	high	
7668	論	high	
7669	功	high	
766A	賞	high	
766B	購	high	
766C	入	high	
766D	売	high	
766E	却	high	
766F	兵	high	
7670	糧	high	
7671	砲	high	
7672	対	high	
7673	外	high	
7674	関	high	
7675	係	high	
7676	勢	high	
7677	力	high	
7678	分	high	
7679	布	high	
767A	所	high	
767B	一	high	
767C	覽	high	
767D	家	high	
767E	臣	high	
7721	宝	high	
7722	目	high	
7723	録	high	
7724	中	high	
7725	断	high	
7726	年	high	
7727	月	high	
7728	効	high	
7729	果	high	
772A	◎	high
772B	△	high
772C	－	high
772D	▽	high
772E	正	high	
772F	法	high	
7730	持	high	
7731	委	high	
7732	時	high	
7733	間	high	
7734	終	high	
7735	了	high	
7736	新	high	
7737	恩	high	
7738	給	high	
7739	与	high	
773A	報	high	
773B	金	high	
773C	叙	high	
773D	感	high	
773E	字	high	
773F	拝	high	
7740	懲	high	
7741	罰	high	
7742	加	high	
7743	増	high	
7744	減	high	
7745	封	high	
7746	転	high	
7747	没	high	
7748	収	high	
7749	剝	high
774A	奪	high	
774B	追	high
774C	放	high	
774D	腹	high	
774E	通	high	
774F	常	high	
7750	方	high	
7751	向	high	
7752	換	high	
7753	平	high	
7754	攻	high	
7755	撃	high	
7756	突	high	
7757	火	high	
7758	め	high	
7759	潜	high	
775A	物	high	
775B	挑	high	
775C	伝	high	
775D	今	high
775E	退	high	
775F	降	high	
7760	伏	high
7761	告	high	
7762	議	high
7763	要	high	
7764	陣	high	
7765	靜	high	
7766	觀	high	
7767	守	high	
7768	備	high	
7769	補	high	
776A	鼓	high	
776B	舞	high	
776C	長宗	high	ligature component: 776C+776D+776E renders 長宗我部
776D	我	high	ligature component: shared by 長宗我部 and 香宗我部
776E	部	high	ligature component: shared by 長宗我部 and 香宗我部
776F	香宗	high	ligature component: clipped 香; 776F+776D+776E renders 香宗我部
7770	日	high	
7771	実	high	
7772	消	high	
7773	巡	high	
7774	検	high	
7775	籠	high	
7776	止	high	
7777	決	high	
7778	状	high	
7779	官	high	
777A	位	high
777B	軍	high	
777C	出	high	
777D	久	high	
777E	交	high	
